age, birthday, gender, email
53,3/3/1987,Male,tobaw@cezicegi.sy
19,1/13/1996,Female,mahcuvle@surnafral.cy
60,7/16/1977,Female,we@geb.vi
21,6/12/1989,Female,mirsojun@gevpi.md
40,4/14/1959,Female,cehdini@huveb.no
50,1/24/1967,Male,tez@abu.aw
30,2/10/1982,Male,fiehboh@fek.gq
18,6/9/1989,Male,aduviah@lewsof.hr
60,4/6/1973,Female,lobuje@cupjipto.ie
40,5/23/1986,Female,vuv@fiim.so
34,7/13/1962,Female,vavpag@gi.bn
47,3/24/1977,Female,lalragoh@ofgu.do
21,8/4/1994,Male,haru@ceic.lb
24,2/12/1978,Male,nope@naboc.li
52,1/21/1968,Female,na@paufaame.ug
24,10/16/1993,Male,wiju@ce.km
28,1/17/1974,Female,muhus@divede.eu
56,4/18/1970,Male,uwolenopa@va.io
20,5/4/1979,Male,fit@rok.ua
56,3/8/2004,Male,migvew@ru.bw
22,11/9/1993,Female,refoblen@upu.bo
30,2/8/1971,Male,koureih@oj.er
29,7/29/1970,Female,da@bizsoga.cr
18,11/15/1983,Male,molo@evdir.gp
38,4/8/1984,Female,mi@heig.st
32,11/9/1972,Male,pon@zesi.np
19,10/18/1963,Female,kisorin@teur.mg
38,11/6/1968,Female,gumfa@dehoel.cn
41,1/10/2003,Male,uz@ittah.sl
39,2/28/1993,Female,nercizoj@gonculiva.fk
35,9/22/1972,Female,giwobe@pi.fo
20,5/3/1970,Female,dudfouce@roh.gov
44,8/8/1985,Male,gem@gudbo.bz
20,5/12/1964,Female,rizwasa@al.lu
32,12/14/1973,Female,nelbepful@juf.eh
56,8/23/1994,Female,talazez@levih.ms
58,9/28/1995,Female,non@imawi.tk
54,8/24/2000,Female,jiturve@ehdohpaf.me
56,9/2/2002,Male,bullodo@zica.bg
28,8/30/1993,Female,fusticre@mot.gg
26,5/3/2000,Female,ni@mapimjof.ga
33,7/16/1967,Male,lur@niji.bw
22,12/12/1999,Male,wow@to.zm
30,7/19/1995,Male,teb@sidud.gh
20,5/29/1977,Male,otruwog@ugeru.kp
29,2/21/1990,Female,pam@tercuoco.dk
59,3/19/1986,Male,igipu@pugo.dk
48,8/11/1989,Female,caw@vecusi.cv
46,2/7/1993,Male,now@fokju.tc
65,10/3/1968,Male,lo@vod.so
54,8/8/1997,Male,himu@sehicku.gn
54,3/27/2000,Male,ka@ogi.lu
37,6/12/1966,Female,zadamfi@teg.jp
34,7/26/1958,Male,wippo@nuges.va
46,11/18/1964,Female,jikaah@fikruleh.ml
23,9/4/1962,Male,gezuisi@ojiduf.sg
45,8/2/1976,Male,ronupug@rah.ke
61,10/14/1990,Male,covic@vihgulles.edu
45,12/10/1996,Male,mevu@tetuken.ai
52,6/24/2003,Male,ri@wesuta.sh
56,8/8/1975,Female,oj@zil.tj
59,12/17/1978,Female,zuwwoldo@mu.hu
53,3/9/1962,Male,apvazja@ifbika.bg
43,10/23/1987,Female,heewo@ecoeki.sn
29,8/3/1980,Male,corkunbe@tidam.vg
61,12/1/2004,Female,al@wesavadiv.ai
18,1/2/1999,Male,reubda@te.za
46,9/23/1995,Female,duiwi@ru.cm
64,8/7/2001,Female,dimovtom@donpif.az
61,1/15/1984,Male,wu@na.vn
35,2/27/1966,Male,socju@lalbajhev.io
39,11/29/1992,Female,put@mawuhohe.me
23,1/29/1963,Male,weh@mu.gq
30,9/18/1969,Male,ekpuvif@cilpaf.im
59,6/6/1986,Male,bulodiz@kokudam.gp
36,7/11/1992,Male,tosusla@odaf.hn
19,10/31/1965,Female,bos@mecile.vg
63,11/8/2004,Female,bak@numazeh.dm
65,9/11/1999,Female,jurco@mopo.st
57,4/18/1960,Female,aleguvdod@laenson.dj
62,2/16/2001,Male,ze@vuhzispiv.be
20,11/15/1972,Female,zuomo@atekebkoh.zw
47,4/13/1992,Female,cefukog@taub.io
20,11/4/1981,Female,kuhmotuv@bafib.pl
52,2/2/1960,Female,zeb@edofi.cu
42,8/2/1993,Male,izfid@ice.jo
63,1/4/1990,Female,odniw@aboce.ro
31,3/22/1984,Male,me@zuso.py
42,9/17/2001,Female,neh@kiivle.pw
22,10/1/1993,Female,viohekid@ovules.sn
64,7/11/1981,Female,re@mihlid.uz
64,12/15/1991,Male,zunceg@setpu.gy
55,7/10/1959,Female,etunuhid@ma.an
53,10/29/1960,Female,im@uk.bf
51,11/30/1959,Male,ujosuzuc@ulorod.na
18,7/2/1978,Male,kadorpof@pi.bw
28,9/15/1958,Female,irozol@ero.jm
20,9/14/1992,Male,sudufa@hegepuele.al
21,5/13/1968,Female,lec@us.ie
49,7/16/1976,Male,ce@lav.bq